ID_CATEGORIA,MACRO_CATEGORY,SUB_CATEGORY,NOME_CATEGORIA,KEYWORDS_TRIGGER
ED_144,Costruttori-Imprese-Impiantisti,Antennisti,Installazione antenne,"installazione antenne, antenne, montaggio antenne, posa antenne"
ED_145,Costruttori-Imprese-Impiantisti,Antennisti,Puntamento antenne,"puntamento antenne, puntamento, antenne"
ED_146,Costruttori-Imprese-Impiantisti,Antennisti,Riparazione antenne,"riparazione antenne, antenne, assistenza antenne, manutenzione antenne"
ED_147,Costruttori-Imprese-Impiantisti,Ascensoristi,Installazione ascensori,"installazione ascensori, ascensori, ascensore, montascale, piattaforma elevatrice, elevatore, installazione ascensore, installazione montascale, installazione piattaforma elevatrice, montaggio ascensori, posa ascensori"
ED_148,Costruttori-Imprese-Impiantisti,Ascensoristi,Installazione montascale,"installazione montascale, montascale, ascensore, piattaforma elevatrice, elevatore, installazione ascensore, installazione piattaforma elevatrice, montaggio montascale, posa montascale"
ED_149,Costruttori-Imprese-Impiantisti,Ascensoristi,Installazione scale mobili,"installazione scale mobili, scale, mobili, scale mobili, ascensore, montascale, piattaforma elevatrice, elevatore, installazione ascensore, installazione montascale, installazione piattaforma elevatrice, montaggio scale mobili, posa scale mobili"
ED_150,Costruttori-Imprese-Impiantisti,Ascensoristi,Manutenzione e riparazione ascensori ed elevatori,"manutenzione e riparazione ascensori ed elevatori, ascensori, elevatori, ascensori elevatori, ascensore, montascale, piattaforma elevatrice, elevatore, manutenzione ascensore, riparazione ascensore, assistenza ascensori, assistenza e riparazione ascensori ed elevatori, riparazione e riparazione ascensori ed elevatori"
ED_151,Costruttori-Imprese-Impiantisti,Carpenteria,Carpenteria edile,"carpenteria edile, carpenteria, edile, polizza car, constructor all risks, assicurazione car, car cantiere"
ED_152,Costruttori-Imprese-Impiantisti,Carpenteria,Carpenteria metallica,"carpenteria metallica, carpenteria, metallica, polizza car, constructor all risks, assicurazione car, car cantiere"
ED_153,Costruttori-Imprese-Impiantisti,Carpenteria,Consolidamento strutturale,"consolidamento strutturale, consolidamento, strutturale, rinforzo strutturale, miglioramento sismico, adeguamento sismico, cerchiature, fibre di carbonio"
ED_154,Costruttori-Imprese-Impiantisti,Carpenteria,Pavimenti industriali,"pavimenti industriali, pavimenti, industriali, pavimento industriale, calcestruzzo industriale, lisciatura elicottero"
ED_155,Costruttori-Imprese-Impiantisti,Carpenteria,Posa ferro-acciaio da costruzione,"posa ferro-acciaio da costruzione, posa ferro acciaio da costruzione, posa, ferro, acciaio, posa ferro, ferro acciaio, acciaio da costruzione, tondino, reti elettrosaldate, travi in acciaio, putrelle"
ED_156,Costruttori-Imprese-Impiantisti,Carpenteria,Prefabbricati acciaio-cemento,"prefabbricati acciaio-cemento, prefabbricati acciaio cemento, prefabbricati, acciaio, cemento, prefabbricati acciaio, acciaio cemento"
ED_157,Costruttori-Imprese-Impiantisti,Demolitori edili,Demolizioni edili,"demolizioni edili, demolizioni, edili, demolizione, smantellamento, abbattimento"
ED_158,Costruttori-Imprese-Impiantisti,Demolitori edili,Demolizioni grandi opere,"demolizioni grandi opere, demolizioni, grandi, opere, demolizioni grandi, grandi opere, demolizione, smantellamento, abbattimento"
ED_159,Costruttori-Imprese-Impiantisti,Demolitori edili,Rimozione e smaltimento macerie,"rimozione e smaltimento macerie, rimozione, smaltimento, macerie, rimozione smaltimento, smaltimento macerie, rimozione macerie, cassone macerie, trasporto in discarica"
ED_160,Costruttori-Imprese-Impiantisti,Demolitori edili,Taglio cemento armato,"taglio cemento armato, taglio, cemento, armato, taglio cemento, cemento armato, carotaggio, taglio muro, filo diamantato, disco diamantato"
ED_161,Costruttori-Imprese-Impiantisti,Elettricisti,Automazione infissi,"automazione infissi, automazione, infissi, motorizzazione tapparelle, automazione tapparelle, motore tapparella, automazione serramenti, serramenti, finestre, pvc, alluminio, legno, vetrocamera"
ED_162,Costruttori-Imprese-Impiantisti,Elettricisti,Dichiarazione di conformita impianti elettrici,"dichiarazione di conformita impianti elettrici, dichiarazione, conformita, elettrici, dichiarazione conformita, conformita elettrici, dichiarazione di conformità, dico, di.co, dm 37/08, dm37/08, certificazione impianto, dichiarazione di conformità impianto elettrico, certificazione impianto elettrico, impianto elettrico, quadro elettrico, messa a terra, salvavita, differenziale, prese elettriche"
ED_163,Costruttori-Imprese-Impiantisti,Elettricisti,Elettrotecnica,"elettrotecnica, cablaggio, quadri elettrici, impianti industriali, automazione industriale"
ED_164,Costruttori-Imprese-Impiantisti,Elettricisti,Illuminazione led,"illuminazione led, illuminazione, led, lampade led, faretti led, strisce led, relamping"
ED_165,Costruttori-Imprese-Impiantisti,Elettricisti,Impianti Antifurto,"impianti antifurto, antifurto, allarme, antintrusione, sensori, centralina allarme, sirena, videosorveglianza, telecamere"
ED_166,Costruttori-Imprese-Impiantisti,Elettricisti,Impianti Aria condizionata,"impianti aria condizionata, aria, condizionata, aria condizionata, condizionatore, climatizzatore, split, inverter, installazione climatizzatore, manutenzione condizionatore, ricarica gas"
ED_167,Costruttori-Imprese-Impiantisti,Elettricisti,Impianti Domotici,"impianti domotici, domotici, domotica, smart home, impianto domotico, knx, automazione casa, controllo luci"
ED_168,Costruttori-Imprese-Impiantisti,Elettricisti,Impianti Elettrici,"impianti elettrici, elettrici, impianto elettrico, quadro elettrico, messa a terra, salvavita, differenziale, prese elettriche"
ED_169,Costruttori-Imprese-Impiantisti,Elettricisti,Impianti Fotovoltaici,"impianti fotovoltaici, fotovoltaici, fotovoltaico, impianto fotovoltaico, pannelli fotovoltaici, inverter fotovoltaico, batterie accumulo, impianto fv"
ED_170,Costruttori-Imprese-Impiantisti,Elettricisti,Piccoli lavori elettricista,"piccoli lavori elettricista, piccoli, elettricista, piccoli elettricista, sostituzione prese, sostituzione interruttori, installazione lampadario, riparazione citofono, guasto elettrico"
ED_171,Costruttori-Imprese-Impiantisti,Elettricisti,Progettazione impianti elettrici,"progettazione impianti elettrici, elettrici, impianto elettrico, quadro elettrico, messa a terra, salvavita, differenziale, prese elettriche, progettazione impianto elettrico, progetto elettrico, schema elettrico, relazione tecnica impianto, progetto impianti elettrici"
ED_172,Costruttori-Imprese-Impiantisti,Elettricisti,Rifasamento impianti elettrici,"rifasamento impianti elettrici, rifasamento, elettrici, rifasamento elettrici, batteria di condensatori, cos phi, correzione fattore di potenza, impianto elettrico, quadro elettrico, messa a terra, salvavita, differenziale, prese elettriche"
ED_173,Costruttori-Imprese-Impiantisti,Falegnamerie,Ebanisteria,ebanisteria
ED_174,Costruttori-Imprese-Impiantisti,Falegnamerie,Mobili su misura,"mobili su misura, mobili, misura, mobili misura"
ED_175,Costruttori-Imprese-Impiantisti,Falegnamerie,Montaggio infissi,"montaggio infissi, infissi, serramenti, finestre, pvc, alluminio, legno, vetrocamera, installazione infissi, posa infissi, sostituzione infissi, montaggio serramenti"
ED_176,Costruttori-Imprese-Impiantisti,Falegnamerie,Montaggio mobili,"montaggio mobili, mobili, installazione mobili, posa mobili"
ED_177,Costruttori-Imprese-Impiantisti,Falegnamerie,Prefabbricati legno,"prefabbricati legno, prefabbricati, legno"
ED_178,Costruttori-Imprese-Impiantisti,Falegnamerie,Produzione infissi,"produzione infissi, infissi, serramenti, finestre, pvc, alluminio, legno, vetrocamera, infissi su misura, fabbricazione infissi"
ED_179,Costruttori-Imprese-Impiantisti,Falegnamerie,Riparazione e manutenzione infissi,"riparazione e manutenzione infissi, infissi, serramenti, finestre, pvc, alluminio, legno, vetrocamera, riparazione serramenti, manutenzione serramenti, registrazione finestre, riparazione tapparelle, assistenza e manutenzione infissi, manutenzione e manutenzione infissi"
ED_180,Costruttori-Imprese-Impiantisti,Giardinaggio,Abbattimento alberi,"abbattimento alberi, abbattimento, alberi, taglio alberi, rimozione alberi, alberi pericolosi"
ED_181,Costruttori-Imprese-Impiantisti,Giardinaggio,Allontanamento volatili,"allontanamento volatili, allontanamento, volatili, dissuasori piccioni, rete antipiccione, spuntoni, piccioni"
ED_182,Costruttori-Imprese-Impiantisti,Giardinaggio,Giardini e Cura del Verde,"giardini e cura del verde, giardini, cura, verde, giardini cura, cura verde, manutenzione giardini, cura del verde, giardinaggio, taglio erba, prato"
ED_183,Costruttori-Imprese-Impiantisti,Giardinaggio,Impianti di irrigazione,"impianti di irrigazione, irrigazione, impianto di irrigazione, irrigazione giardino, irrigazione automatica, centralina irrigazione, ala gocciolante"
ED_184,Costruttori-Imprese-Impiantisti,Giardinaggio,Potatura piante e arbusti,"potatura piante e arbusti, potatura, piante, arbusti, potatura piante, piante arbusti, potatura alberi, potatura siepi"
ED_185,Costruttori-Imprese-Impiantisti,Giardinaggio,Tree climbing,"tree climbing, tree, climbing, potatura in quota, lavori su alberi, arrampicata su alberi"
ED_186,Costruttori-Imprese-Impiantisti,Idraulici,Dichiarazione conformita impianti termoidraulici,"dichiarazione conformita impianti termoidraulici, dichiarazione, conformita, termoidraulici, dichiarazione conformita, conformita termoidraulici, dichiarazione di conformità, dico, di.co, dm 37/08, dm37/08, certificazione impianto, dichiarazione di conformità impianto termoidraulico, certificazione impianto termoidraulico, impianto termoidraulico, termoidraulica, impianto riscaldamento, radiatori, termosifoni"
ED_187,Costruttori-Imprese-Impiantisti,Idraulici,Impianti a pannelli solari,"impianti a pannelli solari, pannelli, solari, pannelli solari, solare termico, pannelli solari termici, impianto solare termico, collettori solari, acqua calda solare"
ED_188,Costruttori-Imprese-Impiantisti,Idraulici,Impianti di climatizzazione,"impianti di climatizzazione, climatizzazione, condizionatore, climatizzatore, split, inverter, installazione climatizzatore, manutenzione condizionatore, ricarica gas"
ED_189,Costruttori-Imprese-Impiantisti,Idraulici,Impianti di depurazione,"impianti di depurazione, depurazione, depurazione acqua, depuratore, osmosi inversa, addolcitore, filtrazione acqua"
ED_190,Costruttori-Imprese-Impiantisti,Idraulici,Impianti geotermici,"impianti geotermici, geotermici, impianto geotermico, geotermia, sonda geotermica, pompa di calore geotermica"
ED_191,Costruttori-Imprese-Impiantisti,Idraulici,Impianti termoidraulici,"impianti termoidraulici, termoidraulici, impianto termoidraulico, termoidraulica, impianto riscaldamento, radiatori, termosifoni"
ED_192,Costruttori-Imprese-Impiantisti,Idraulici,Installazione e assistenza caldaie,"installazione e assistenza caldaie, assistenza, caldaie, assistenza caldaie, montaggio e assistenza caldaie, posa e assistenza caldaie"
ED_193,Costruttori-Imprese-Impiantisti,Idraulici,Piccoli lavori idraulica,"piccoli lavori idraulica, piccoli, idraulica, piccoli idraulica, riparazione perdita, perdita acqua, sostituzione rubinetto, installazione sanitari, sturo scarico, scarico intasato"
ED_194,Costruttori-Imprese-Impiantisti,Idraulici,Riscaldamento a pavimento,"riscaldamento a pavimento, riscaldamento, pavimento, riscaldamento pavimento, pannelli radianti, impianto radiante, radiante a pavimento"
ED_195,Costruttori-Imprese-Impiantisti,Igiene ambientale,Bonifica amianto,"bonifica amianto, bonifica, amianto, rimozione amianto, eternit, smaltimento amianto, incapsulamento amianto"
ED_196,Costruttori-Imprese-Impiantisti,Igiene ambientale,Consulenza ambientale,"consulenza ambientale, ambientale, gestione rifiuti, normativa ambientale, audit ambientale, consulente ambientale"
ED_197,Costruttori-Imprese-Impiantisti,Igiene ambientale,Disinfestazioni,"disinfestazioni, disinfestazione, derattizzazione, deblattizzazione, zanzare, blatte, ratti, pulci"
ED_198,Costruttori-Imprese-Impiantisti,Igiene ambientale,Noleggio attrezzatura per rifiuti,"noleggio attrezzatura per rifiuti, attrezzatura, rifiuti, attrezzatura rifiuti, noleggio cassoni rifiuti, cassone scarrabile, compattatore rifiuti, container rifiuti, stoccaggio rifiuti, affitto, rent, noleggio attrezzature, noleggio attrezzature cantiere, noleggio utensili, cassoni scarrabili, noleggio cassoni, affitto attrezzatura per rifiuti"
ED_199,Costruttori-Imprese-Impiantisti,Igiene ambientale,Risanamento ambienti,"risanamento ambienti, risanamento, ambienti, sanificazione, igienizzazione, bonifica muffa, trattamento muffa"
ED_200,Costruttori-Imprese-Impiantisti,Igiene ambientale,Spurgo pozzi neri,"spurgo pozzi neri, spurgo, pozzi, neri, spurgo pozzi, pozzi neri, pozzo nero, fossa biologica, autospurgo, videoispezione fognature"
ED_201,Costruttori-Imprese-Impiantisti,Imbianchini,Carta da parati,"carta da parati, carta, parati, carta parati, polizza car, constructor all risks, assicurazione car, car cantiere, posa carta da parati, rivestimenti murali"
ED_202,Costruttori-Imprese-Impiantisti,Imbianchini,Isolamento a Cappotto,"isolamento a cappotto, isolamento, cappotto, isolamento cappotto, cappotto termico, sistema a cappotto, etics"
ED_203,Costruttori-Imprese-Impiantisti,Imbianchini,Lavori in Cartongesso,"lavori in cartongesso, cartongesso, polizza car, constructor all risks, assicurazione car, car cantiere, controsoffitto, pareti in cartongesso, velette, lastre cartongesso"
ED_204,Costruttori-Imprese-Impiantisti,Imbianchini,Pavimentazioni con Resina,"pavimentazioni con resina, pavimentazioni, resina, pavimentazioni resina, pavimenti in resina, resina epossidica, rivestimento resina, microcemento, pavimento resina"
ED_205,Costruttori-Imprese-Impiantisti,Imbianchini,Pittura Interna-Esterna,"pittura interna-esterna, pittura interna esterna, pittura, interna, esterna, pittura interna, interna esterna, tinteggiatura, imbiancatura, pittura interni, pittura esterni, verniciatura pareti"
ED_206,Costruttori-Imprese-Impiantisti,Imprese di pulizie,Disinfezione,"disinfezione, sanificazione, igienizzazione, disinfezione ambienti"
ED_207,Costruttori-Imprese-Impiantisti,Imprese di pulizie,Pulizia a vapore di tappeti,"pulizia a vapore di tappeti, vapore, tappeti, vapore tappeti, pulizia a vapore, lavaggio a vapore, pulizia tappeti a vapore, pulizia tappeti, lavaggio tappeti, smacchiatura tappeti, tappezzeria, rivestimenti, imbottiti"
ED_208,Costruttori-Imprese-Impiantisti,Imprese di pulizie,Pulizia alberghi,"pulizia alberghi, alberghi, pulizie alberghi, housekeeping, pulizia camere hotel"
ED_209,Costruttori-Imprese-Impiantisti,Imprese di pulizie,Pulizia appartamenti,"pulizia appartamenti, appartamenti, pulizia appartamento, pulizie domestiche, pulizie casa"
ED_210,Costruttori-Imprese-Impiantisti,Imprese di pulizie,Pulizia e sgombero cantine,"pulizia e sgombero cantine, sgombero, cantine, sgombero cantine, svuota cantine, sgombero locali, ritiro ingombranti"
ED_211,Costruttori-Imprese-Impiantisti,Imprese di pulizie,Pulizia imbarcazioni,"pulizia imbarcazioni, imbarcazioni, arredo nautico, interior yacht, arredo imbarcazioni, pulizia barche, pulizia yacht"
ED_212,Costruttori-Imprese-Impiantisti,Imprese di pulizie,Pulizia moquette,"pulizia moquette, moquette, lavaggio moquette, smacchiatura moquette"
ED_213,Costruttori-Imprese-Impiantisti,Imprese di pulizie,Pulizie generali,"pulizie generali, pulizie, generali, impresa di pulizie, pulizie civili, pulizie industriali, pulizie condominiali"
ED_214,Costruttori-Imprese-Impiantisti,Imprese di pulizie,Spazzacamino,"spazzacamino, pulizia canna fumaria, pulizia camino, pulizia stufa"
ED_215,Costruttori-Imprese-Impiantisti,Imprese edili,Costruzione piscine,"costruzione piscine, piscine, costruzione piscina, realizzazione piscina, piscina interrata, impianto filtrazione piscina"
ED_216,Costruttori-Imprese-Impiantisti,Imprese edili,Impermeabilizzazioni,"impermeabilizzazioni, impermeabilizzazione, guaina, membrana bituminosa, resina impermeabilizzante, infiltrazioni"
ED_217,Costruttori-Imprese-Impiantisti,Imprese edili,Impianti sportivi,"impianti sportivi, sportivi, campo sportivo, pavimentazione sportiva, erba sintetica"
ED_218,Costruttori-Imprese-Impiantisti,Imprese edili,Installazione stufe-camini,"installazione stufe-camini, installazione stufe camini, stufe, camini, stufe camini, stufa a pellet, camino, inserto camino, installazione stufe, installazione camini, montaggio stufe-camini, posa stufe-camini"
ED_219,Costruttori-Imprese-Impiantisti,Imprese edili,Intonaci,"intonaci, intonaco, rasatura, intonaco premiscelato"
ED_220,Costruttori-Imprese-Impiantisti,Imprese edili,Isolamento acustico,"isolamento acustico, isolamento, acustico, insonorizzazione, pannelli fonoassorbenti, fonoisolamento"
ED_221,Costruttori-Imprese-Impiantisti,Imprese edili,Isolamento termico,"isolamento termico, isolamento, termico, coibentazione, pannelli isolanti, lana di roccia, cappotto termico"
ED_222,Costruttori-Imprese-Impiantisti,Imprese edili,Massetti,"massetti, massetto, sottofondo, massetto autolivellante"
ED_223,Costruttori-Imprese-Impiantisti,Imprese edili,Montaggio ponteggi,"montaggio ponteggi, ponteggi, installazione ponteggi, posa ponteggi"
ED_224,Costruttori-Imprese-Impiantisti,Imprese edili,Nuove costruzioni,"nuove costruzioni, nuove, costruzioni, costruzione villa, costruzione casa, edilizia residenziale"
ED_225,Costruttori-Imprese-Impiantisti,Imprese edili,Opere di recinzione,"opere di recinzione, opere, recinzione, opere recinzione, rete metallica, muretto di recinzione"
ED_226,Costruttori-Imprese-Impiantisti,Imprese edili,Piccoli lavori edili,"piccoli lavori edili, piccoli, edili, piccoli edili, riparazioni edili, muratura, lavori di muratura"
ED_227,Costruttori-Imprese-Impiantisti,Imprese edili,Posa mattoni a vista,"posa mattoni a vista, posa, mattoni, vista, posa mattoni, mattoni vista, mattoni a vista, faccia a vista, rivestimento mattoni, laterizi, tegole, coppi, forati, tavelle"
ED_228,Costruttori-Imprese-Impiantisti,Imprese edili,Realizzazione canna fumaria,"realizzazione canna fumaria, canna, fumaria, canna fumaria, fumisteria, scarico fumi, camino, canalizzazione fumi"
ED_229,Costruttori-Imprese-Impiantisti,Imprese edili,Realizzazione opere cimiteriali,"realizzazione opere cimiteriali, opere, cimiteriali, opere cimiteriali, lapidi, tombe, monumenti funebri, loculi, marmi cimiteriali"
ED_230,Costruttori-Imprese-Impiantisti,Imprese edili,Realizzazione tettoie,"realizzazione tettoie, tettoie, tettoia, pensilina, pergolato, copertura esterna"
ED_231,Costruttori-Imprese-Impiantisti,Imprese edili,Ristrutturazione bagno,"ristrutturazione bagno, bagno, ristrutturazione, rifacimento, chiavi in mano, rifacimento bagno, bagno chiavi in mano"
ED_232,Costruttori-Imprese-Impiantisti,Imprese edili,Ristrutturazione casa,"ristrutturazione casa, casa, ristrutturazione, rifacimento, chiavi in mano, ristrutturazione appartamento"
ED_233,Costruttori-Imprese-Impiantisti,Imprese edili,Ristrutturazione cucina,"ristrutturazione cucina, cucina, ristrutturazione, rifacimento, chiavi in mano, rifacimento cucina"
ED_234,Costruttori-Imprese-Impiantisti,Imprese edili,Ristrutturazione garage,"ristrutturazione garage, garage, ristrutturazione, rifacimento, chiavi in mano, rifacimento garage"
ED_235,Costruttori-Imprese-Impiantisti,Imprese edili,Ristrutturazione tetti,"ristrutturazione tetti, tetti, ristrutturazione, rifacimento, chiavi in mano, ristrutturazione tetto, rifacimento tetto, tetto ventilato, copertura tetto"
ED_236,Costruttori-Imprese-Impiantisti,Imprese edili,Ristrutturazione totale,"ristrutturazione totale, totale, ristrutturazione, rifacimento, chiavi in mano, ristrutturazione completa, ristrutturazione integrale"
ED_237,Costruttori-Imprese-Impiantisti,Imprese edili,Rivestimento a cappotto,"rivestimento a cappotto, rivestimento, cappotto, rivestimento cappotto, cappotto termico, isolamento a cappotto, sistema a cappotto, etics"
ED_238,Costruttori-Imprese-Impiantisti,Imprese edili,Sabbiatura,"sabbiatura, pallinatura, sverniciatura"
ED_239,Costruttori-Imprese-Impiantisti,Imprese edili,Sistemi anticaduta,"sistemi anticaduta, sistemi, anticaduta, linea vita, dispositivi anticaduta, parapetti"
ED_240,Costruttori-Imprese-Impiantisti,Imprese edili,Sostituzione vasca-doccia,"sostituzione vasca-doccia, sostituzione vasca doccia, sostituzione, vasca, doccia, sostituzione vasca, vasca doccia, sostituzione vasca con doccia, trasformazione vasca in doccia, box doccia, piatto doccia"
ED_241,Costruttori-Imprese-Impiantisti,Imprese edili,Tamponature e tramezzi,"tamponature e tramezzi, tamponature, tramezzi, tamponature tramezzi, pareti divisorie, murature interne"
ED_242,Costruttori-Imprese-Impiantisti,Imprese stradali,Impianti fognari,"impianti fognari, fognari, impianto fognario, fognatura, rete fognaria, pozzetti, tubi fognari"
ED_243,Costruttori-Imprese-Impiantisti,Imprese stradali,Lavori edili stradali,"lavori edili stradali, edili, stradali, edili stradali, lavori stradali, ripristino strade, cantiere stradale"
ED_244,Costruttori-Imprese-Impiantisti,Imprese stradali,Movimento terra,"movimento terra, movimento, terra, scavi, sbancamento, miniescavatore, spianamento terreno"
ED_245,Costruttori-Imprese-Impiantisti,Imprese stradali,Pozzi e spurghi,"pozzi e spurghi, pozzi, spurghi, pozzi spurghi, spurgo, autospurgo, fossa biologica, videoispezione"
ED_246,Costruttori-Imprese-Impiantisti,Imprese stradali,Sondaggi-trivellazioni,"sondaggi-trivellazioni, sondaggi trivellazioni, sondaggi, trivellazioni, sondaggi geologici, sondaggio terreno, carotaggi, prove in sito, perforazioni, indagini geotecniche"
ED_247,Costruttori-Imprese-Impiantisti,Imprese stradali,Strade-asfalti,"strade-asfalti, strade asfalti, strade, asfalti, asfalto, asfaltatura, stesa asfalto, fresatura, bitume"
ED_248,Costruttori-Imprese-Impiantisti,Lattonieri,Coperture in lattoneria,"coperture in lattoneria, coperture, lattoneria, coperture lattoneria, grondaie, pluviali, canali di gronda, scossaline, coperture in lamiera, copertura in zinco, rame, alluminio"
ED_249,Costruttori-Imprese-Impiantisti,Lattonieri,Facciate in lattoneria,"facciate in lattoneria, facciate, lattoneria, facciate lattoneria, grondaie, pluviali, canali di gronda, scossaline, facciate ventilate, rivestimenti metallici facciata"
ED_250,Costruttori-Imprese-Impiantisti,Lattonieri,Installazione o Sostituzione Grondaie,"installazione o sostituzione grondaie, sostituzione, grondaie, sostituzione grondaie, lattoneria, pluviali, canali di gronda, scossaline, installazione grondaie, montaggio o sostituzione grondaie, posa o sostituzione grondaie"
ED_251,Costruttori-Imprese-Impiantisti,Lattonieri,Pulizia e riparazione grondaie,"pulizia e riparazione grondaie, grondaie, lattoneria, pluviali, canali di gronda, scossaline, pulizia grondaie, pulizia pluviali"
ED_252,Costruttori-Imprese-Impiantisti,Noleggio edile,Noleggio attrezzatura stoccaggio rifiuti,"noleggio attrezzatura stoccaggio rifiuti, attrezzatura, stoccaggio, rifiuti, attrezzatura stoccaggio, stoccaggio rifiuti, noleggio cassoni rifiuti, cassone scarrabile, compattatore rifiuti, container rifiuti, affitto, rent, noleggio attrezzature, noleggio attrezzature cantiere, noleggio utensili, cassoni scarrabili, noleggio cassoni, affitto attrezzatura stoccaggio rifiuti"
ED_253,Costruttori-Imprese-Impiantisti,Noleggio edile,Noleggio attrezzature da cantiere,"noleggio attrezzature da cantiere, attrezzature, cantiere, attrezzature cantiere, affitto, rent, noleggio attrezzature, noleggio attrezzature cantiere, noleggio utensili, affitto attrezzature da cantiere"
ED_254,Costruttori-Imprese-Impiantisti,Noleggio edile,Noleggio autoscale,"noleggio autoscale, autoscale, affitto, rent, scala traslochi, autoscala, affitto autoscale"
ED_255,Costruttori-Imprese-Impiantisti,Noleggio edile,Noleggio bagni chimici,"noleggio bagni chimici, bagni, chimici, bagni chimici, affitto, rent, bagno chimico cantiere, wc chimico, affitto bagni chimici"
ED_256,Costruttori-Imprese-Impiantisti,Noleggio edile,Noleggio camion e furgoni,"noleggio camion e furgoni, camion, furgoni, camion furgoni, affitto, rent, noleggio furgone, noleggio camion, noleggio furgoni trasloco, affitto camion e furgoni"
ED_257,Costruttori-Imprese-Impiantisti,Noleggio edile,Noleggio furgoni per traslochi,"noleggio furgoni per traslochi, furgoni, affitto, rent, noleggio furgone, noleggio camion, noleggio furgoni trasloco, affitto furgoni per traslochi"
ED_258,Costruttori-Imprese-Impiantisti,Noleggio edile,Noleggio macchine movimento terra,"noleggio macchine movimento terra, macchine, movimento, terra, macchine movimento, movimento terra, scavi, sbancamento, miniescavatore, spianamento terreno, affitto, rent, noleggio escavatore, noleggio miniescavatore, noleggio movimento terra, affitto macchine movimento terra"
ED_259,Costruttori-Imprese-Impiantisti,Noleggio edile,Noleggio piattaforme aeree e gru,"noleggio piattaforme aeree e gru, piattaforme, aeree, gru, piattaforme aeree, aeree gru, affitto, rent, noleggio piattaforme aeree, noleggio ple, noleggio gru, cestello elevatore, affitto piattaforme aeree e gru"
ED_260,Costruttori-Imprese-Impiantisti,Noleggio edile,Noleggio ponteggi,"noleggio ponteggi, ponteggi, affitto, rent, ponteggio, impalcatura, affitto ponteggi"
ED_261,Costruttori-Imprese-Impiantisti,Parquettisti,Parquet,"parquet, pavimento in legno"
ED_262,Costruttori-Imprese-Impiantisti,Parquettisti,Parquet Posa e Lucidatura,"parquet posa e lucidatura, parquet, posa, lucidatura, parquet posa, posa lucidatura, pavimento in legno, posa parquet, lamatura parquet, levigatura parquet, lucidatura parquet, verniciatura parquet"
ED_263,Costruttori-Imprese-Impiantisti,Parquettisti,Restauro parquet,"restauro parquet, restauro, parquet, pavimento in legno, ripristino parquet, recupero parquet"
ED_264,Costruttori-Imprese-Impiantisti,Parquettisti,Riparazione parquet,"riparazione parquet, parquet, pavimento in legno, sostituzione doghe, parquet danneggiato, assistenza parquet, manutenzione parquet"
ED_265,Costruttori-Imprese-Impiantisti,Pavimentisti,Lucidatura pavimentazioni,"lucidatura pavimentazioni, lucidatura, pavimentazioni, lucidatura pavimenti, levigatura pavimenti, cristallizzazione pavimenti"
ED_266,Costruttori-Imprese-Impiantisti,Pavimentisti,Pavimentazione interna-esterna,"pavimentazione interna-esterna, pavimentazione interna esterna, pavimentazione, interna, esterna, pavimentazione interna, interna esterna, pavimentazione esterna, pavimenti esterni, pavimenti interni"
ED_267,Costruttori-Imprese-Impiantisti,Pavimentisti,Pavimenti al quarzo,"pavimenti al quarzo, pavimenti, quarzo, pavimenti quarzo, pavimento al quarzo, quarzo industriale, spolvero quarzo"
ED_268,Costruttori-Imprese-Impiantisti,Pavimentisti,Pavimenti in resina,"pavimenti in resina, pavimenti, resina, pavimenti resina, resina epossidica, rivestimento resina, microcemento, pavimento resina"
ED_269,Costruttori-Imprese-Impiantisti,Pronto intervento 24 ore,Assistenza e Riparazione Elettrodomestici,"assistenza e riparazione elettrodomestici, assistenza, elettrodomestici, assistenza elettrodomestici"
ED_270,Costruttori-Imprese-Impiantisti,Pronto intervento 24 ore,Pronto intervento caldaia,"pronto intervento caldaia, caldaia, pronto intervento, pronto intervento 24 ore caldaia, caldaia a condensazione, assistenza caldaie, manutenzione caldaia, riparazione caldaia, bollino caldaia, guasto caldaia, caldaia non parte"
ED_271,Costruttori-Imprese-Impiantisti,Pronto intervento 24 ore,Pronto intervento elettricista,"pronto intervento elettricista, elettricista, pronto intervento, pronto intervento 24 ore elettricista"
ED_272,Costruttori-Imprese-Impiantisti,Pronto intervento 24 ore,Pronto intervento idraulico,"pronto intervento idraulico, idraulico, pronto intervento, pronto intervento 24 ore idraulico"
ED_273,Costruttori-Imprese-Impiantisti,Pronto intervento 24 ore,Pronto intervento muratore,"pronto intervento muratore, muratore, pronto intervento, pronto intervento 24 ore muratore"
ED_274,Costruttori-Imprese-Impiantisti,Restauratori,Restauro beni artistici,"restauro beni artistici, restauro, beni, artistici, restauro beni, beni artistici, restauro opere d'arte, conservazione, restauro quadri"
ED_275,Costruttori-Imprese-Impiantisti,Restauratori,Restauro edifici storici,"restauro edifici storici, restauro, edifici, storici, restauro edifici, edifici storici, restauro facciate storiche, vincolo, soprintendenza"
ED_276,Costruttori-Imprese-Impiantisti,Restauratori,Restauro mobili antichi,"restauro mobili antichi, restauro, mobili, antichi, restauro mobili, mobili antichi, mobili d'epoca, restauro legno"
ED_277,Costruttori-Imprese-Impiantisti,Serramentisti,Automazione serramenti,"automazione serramenti, automazione, serramenti, motorizzazione serramenti, motore tapparella"
ED_278,Costruttori-Imprese-Impiantisti,Serramentisti,Cambio serrature,"cambio serrature, cambio, serrature"
ED_279,Costruttori-Imprese-Impiantisti,Serramentisti,Installazione infissi,"installazione infissi, infissi, serramenti, finestre, pvc, alluminio, legno, vetrocamera, posa infissi, sostituzione infissi, montaggio serramenti, montaggio infissi"
ED_280,Costruttori-Imprese-Impiantisti,Serramentisti,Produzione serramenti,"produzione serramenti, serramenti, serramenti su misura, fabbricazione serramenti"
ED_281,Costruttori-Imprese-Impiantisti,Serramentisti,Riparazione e manutenzione serramenti,"riparazione e manutenzione serramenti, serramenti, riparazione serramenti, manutenzione serramenti, registrazione finestre, riparazione tapparelle, assistenza e manutenzione serramenti, manutenzione e manutenzione serramenti"
ED_282,Costruttori-Imprese-Impiantisti,Tappezzieri,Lavori di tappezzeria,"lavori di tappezzeria, tappezzeria, rivestimenti, imbottiti"
ED_283,Costruttori-Imprese-Impiantisti,Tappezzieri,Realizzazione materassi,"realizzazione materassi, materassi, tappezzeria, rivestimenti, imbottiti, materassi su misura, materasso artigianale"
ED_284,Costruttori-Imprese-Impiantisti,Tappezzieri,Realizzazione salotti su misura,"realizzazione salotti su misura, salotti, misura, salotti misura"
ED_285,Costruttori-Imprese-Impiantisti,Tappezzieri,Realizzazione tappeti fuori misura,"realizzazione tappeti fuori misura, tappeti, fuori, misura, tappeti fuori, fuori misura, tappezzeria, rivestimenti, imbottiti, tappeti su misura, tappeti fuori misura"
ED_286,Costruttori-Imprese-Impiantisti,Tappezzieri,Realizzazione tappezzeria navale,"realizzazione tappezzeria navale, tappezzeria, navale, tappezzeria navale, rivestimenti, imbottiti, tappezzeria nautica, cuscineria nautica"
ED_287,Costruttori-Imprese-Impiantisti,Tappezzieri,Restauro poltrone e divani,"restauro poltrone e divani, restauro, poltrone, divani, restauro poltrone, poltrone divani, tappezzeria, rivestimenti, imbottiti, restauro divani, rifacimento imbottitura"
ED_288,Costruttori-Imprese-Impiantisti,Tappezzieri,Riparazione materassi,"riparazione materassi, materassi, tappezzeria, rivestimenti, imbottiti, sostituzione imbottitura materasso, assistenza materassi, manutenzione materassi"
ED_289,Costruttori-Imprese-Impiantisti,Tappezzieri,Rivestimento divani,"rivestimento divani, rivestimento, divani, tappezzeria, rivestimenti, imbottiti, rifoderare divano, fodere divani"
ED_290,Costruttori-Imprese-Impiantisti,Tappezzieri,Tendaggi,"tendaggi, tappezzeria, rivestimenti, imbottiti, tende su misura, tende da interno"
ED_291,Costruttori-Imprese-Impiantisti,Traslochi,Servizi di magazzinaggio,"servizi di magazzinaggio, magazzinaggio, deposito mobili, custodia mobili, self storage"
ED_292,Costruttori-Imprese-Impiantisti,Traslochi,Traslochi industriali,"traslochi industriali, industriali, trasloco, traslochi, ditta traslochi, smontaggio mobili, imballaggi, trasferimento macchinari"
ED_293,Costruttori-Imprese-Impiantisti,Traslochi,Traslochi internazionali,"traslochi internazionali, internazionali, trasloco, traslochi, ditta traslochi, smontaggio mobili, imballaggi, trasloco estero, traslochi nazionali, trasloco italia"
ED_294,Costruttori-Imprese-Impiantisti,Traslochi,Traslochi nazionali,"traslochi nazionali, nazionali, trasloco, traslochi, ditta traslochi, smontaggio mobili, imballaggi, trasloco italia"
ED_295,Costruttori-Imprese-Impiantisti,Traslochi,Trasloco attività commerciali,"trasloco attività commerciali, trasloco, attività, commerciali, trasloco attività, attività commerciali, traslochi, ditta traslochi, smontaggio mobili, imballaggi, trasloco uffici, trasloco negozi"
ED_296,Costruttori-Imprese-Impiantisti,Traslochi,Trasloco di archivi,"trasloco di archivi, trasloco, archivi, trasloco archivi, traslochi, ditta traslochi, smontaggio mobili, imballaggi, movimentazione archivi"
ED_297,Costruttori-Imprese-Impiantisti,Trasporti,Corriere espresso,"corriere espresso, corriere, espresso, spedizioni, consegne rapide"
ED_298,Costruttori-Imprese-Impiantisti,Trasporti,Operazioni doganali,"operazioni doganali, operazioni, doganali, sdoganamento, pratiche doganali, dogana"
ED_299,Costruttori-Imprese-Impiantisti,Trasporti,Trasporti aerei,"trasporti aerei, trasporti, aerei, trasporto aereo, air freight, spedizioni aeree"
ED_300,Costruttori-Imprese-Impiantisti,Trasporti,Trasporti eccezionali,"trasporti eccezionali, trasporti, eccezionali, carichi eccezionali, permessi trasporto eccezionale"
ED_301,Costruttori-Imprese-Impiantisti,Trasporti,Trasporti internazionali,"trasporti internazionali, trasporti, internazionali, spedizioni internazionali, trasporti nazionali, spedizioni nazionali"
ED_302,Costruttori-Imprese-Impiantisti,Trasporti,Trasporti nazionali,"trasporti nazionali, trasporti, nazionali, spedizioni nazionali"
ED_303,Costruttori-Imprese-Impiantisti,Trasporti,Trasporti refrigerati,"trasporti refrigerati, trasporti, refrigerati, trasporto refrigerato, catena del freddo, temperatura controllata"
ED_304,Costruttori-Imprese-Impiantisti,Trasporti,Trasporto animali,"trasporto animali, animali, pet transport, trasporto cani"
ED_305,Costruttori-Imprese-Impiantisti,Trasporti,Trasporto autoveicoli,"trasporto autoveicoli, autoveicoli, bisarca, trasporto auto"
ED_306,Costruttori-Imprese-Impiantisti,Trasporti,Trasporto di rifiuti speciali,"trasporto di rifiuti speciali, rifiuti, speciali, rifiuti speciali, trasporto rifiuti speciali, formulari rifiuti, albo gestori ambientali, trasporto rifiuti"
ED_307,Costruttori-Imprese-Impiantisti,Trasporti,Trasporto farmaci,"trasporto farmaci, farmaci, temperatura controllata"
ED_308,Costruttori-Imprese-Impiantisti,Trasporti,Trasporto opere di arte,"trasporto opere di arte, opere, arte, opere arte, trasporto opere d'arte, imballaggio opere d'arte, trasporto quadri"
ED_135,Immobiliari,Agenzie immobiliari,Assistenza acquisto asta immobiliare,"assistenza acquisto asta immobiliare, assistenza, acquisto, asta, immobiliare, assistenza acquisto, acquisto asta, asta immobiliare, diritto immobiliare, compravendita, locazione, contratto di affitto, aste giudiziarie, assistenza asta, saldo e stralcio"
ED_136,Immobiliari,Agenzie immobiliari,Comprare casa,"comprare casa, comprare, casa, agenzia immobiliare, mediazione immobiliare, annunci immobiliari"
ED_137,Immobiliari,Agenzie immobiliari,Property Management,"property management, property, management, gestione immobili, gestione affitti, amministrazione immobiliare"
ED_138,Immobiliari,Agenzie immobiliari,Stima immobiliare,"stima immobiliare, stima, immobiliare, perizia immobiliare, valutazione immobile, stima immobile, perizia casa, diritto immobiliare, compravendita, locazione, contratto di affitto, quotazione immobile"
ED_139,Immobiliari,Agenzie immobiliari,Vendere casa,"vendere casa, vendere, casa, agenzia immobiliare, mediazione immobiliare, annunci immobiliari"
ED_140,Immobiliari,Agenzie immobiliari,Vendita immobili per terzi,"vendita immobili per terzi, immobili, terzi, immobili terzi, vendita immobili, intermediazione immobiliare, mandato vendita, immobili per terzi, fornitura immobili per terzi, showroom immobili per terzi"
ED_141,Immobiliari,Immobiliaristi,Acquisto immobili,"acquisto immobili, acquisto, immobili, investimenti immobiliari, acquisizione immobiliare"
ED_142,Immobiliari,Immobiliaristi,Costruttori Immobiliari,"costruttori immobiliari, costruttori, immobiliari, costruttore immobiliare, sviluppo immobiliare, developer immobiliare"
ED_143,Immobiliari,Immobiliaristi,Vendita immobili,"vendita immobili, immobili, intermediazione immobiliare, mandato vendita, fornitura immobili, showroom immobili"
ED_068,Produttori-Rivenditori,Ascensori e montacarichi,Vendita ascensori,"vendita ascensori, ascensori, ascensore, montascale, piattaforma elevatrice, elevatore, fornitura ascensori, showroom ascensori"
ED_069,Produttori-Rivenditori,Colorifici,Vendita cartongesso,"vendita cartongesso, cartongesso, polizza car, constructor all risks, assicurazione car, car cantiere, controsoffitto, pareti in cartongesso, velette, lastre cartongesso, fornitura cartongesso, showroom cartongesso"
ED_070,Produttori-Rivenditori,Colorifici,Vernici e colori,"vernici e colori, vernici, colori, vernici colori"
ED_071,Produttori-Rivenditori,Fabbri,Apertura porte,"apertura porte, apertura, porte, serratura bloccata, porta chiusa"
ED_072,Produttori-Rivenditori,Fabbri,Ringhiere Cancelli e Ferro lavorato,"ringhiere cancelli e ferro lavorato, ringhiere, cancelli, ferro, lavorato, ringhiere cancelli, cancelli ferro, ferro lavorato, ferro battuto, inferriate, grate di sicurezza"
ED_073,Produttori-Rivenditori,Fabbri,Serrande in ferro,"serrande in ferro, serrande, ferro, serrande ferro, serranda negozio, avvolgibile, basculante"
ED_074,Produttori-Rivenditori,Negozi di giardinaggio,Attrezzatura da giardinaggio,"attrezzatura da giardinaggio, attrezzatura, giardinaggio, attrezzatura giardinaggio"
ED_075,Produttori-Rivenditori,Negozi di giardinaggio,Macchinari da giardinaggio,"macchinari da giardinaggio, macchinari, giardinaggio, macchinari giardinaggio"
ED_076,Produttori-Rivenditori,Negozi di giardinaggio,Vendita piscine,"vendita piscine, piscine, costruzione piscina, realizzazione piscina, piscina interrata, impianto filtrazione piscina, fornitura piscine, showroom piscine"
ED_077,Produttori-Rivenditori,Pavimenti e rivestimenti,Sanitari e rubinetterie,"sanitari e rubinetterie, sanitari, rubinetterie, sanitari rubinetterie"
ED_078,Produttori-Rivenditori,Pavimenti e rivestimenti,Vasche da bagno-box doccia,"vasche da bagno-box doccia, vasche da bagno box doccia, vasche, bagno, box, doccia, vasche bagno, bagno box, box doccia"
ED_079,Produttori-Rivenditori,Pavimenti e rivestimenti,Vendita pavimenti e rivestimenti,"vendita pavimenti e rivestimenti, pavimenti, rivestimenti, pavimenti rivestimenti, pavimenti e rivestimenti, fornitura pavimenti e rivestimenti, showroom pavimenti e rivestimenti"
ED_080,Produttori-Rivenditori,Produzione e vendita infissi e falegnameria,Finestre,"finestre, vendita finestre, fornitura finestre, rivenditore finestre"
ED_081,Produttori-Rivenditori,Produzione e vendita infissi e falegnameria,Gazebo-Verande,"gazebo-verande, gazebo verande, gazebo, verande, vendita gazebo-verande, fornitura gazebo-verande, rivenditore gazebo-verande"
ED_082,Produttori-Rivenditori,Produzione e vendita infissi e falegnameria,Persiane,"persiane, scuri, persiane in alluminio, persiane in legno, vendita persiane, fornitura persiane, rivenditore persiane"
ED_083,Produttori-Rivenditori,Produzione e vendita infissi e falegnameria,Porte,"porte, porte interne, porte scorrevoli, porta a battente, vendita porte, fornitura porte, rivenditore porte"
ED_084,Produttori-Rivenditori,Produzione e vendita infissi e falegnameria,Portoni blindati,"portoni blindati, portoni, blindati, porta blindata, portone blindato, classe antieffrazione, serratura europea, vendita portoni blindati, fornitura portoni blindati, rivenditore portoni blindati"
ED_085,Produttori-Rivenditori,Produzione e vendita infissi e falegnameria,Scale,"scale, vendita scale, fornitura scale, rivenditore scale"
ED_086,Produttori-Rivenditori,Produzione e vendita infissi e falegnameria,Serrande,"serrande, serranda negozio, avvolgibile, basculante, vendita serrande, fornitura serrande, rivenditore serrande"
ED_087,Produttori-Rivenditori,Produzione e vendita infissi e falegnameria,Tapparelle,"tapparelle, avvolgibili, cassonetto, vendita tapparelle, fornitura tapparelle, rivenditore tapparelle"
ED_088,Produttori-Rivenditori,Produzione e vendita infissi e falegnameria,Zanzariere,"zanzariere, rete anti insetti, zanzariera plissettata, zanzariera a rullo, vendita zanzariere, fornitura zanzariere, rivenditore zanzariere"
ED_089,Produttori-Rivenditori,Rivendita materiale edile,Acciaio da costruzione,"acciaio da costruzione, acciaio, tondino, reti elettrosaldate, travi in acciaio, putrelle"
ED_090,Produttori-Rivenditori,Rivendita materiale edile,Arredo urbano,"arredo urbano, arredo, urbano, panchine, dissuasori, fioriere, cestini, vendita arredo urbano, fornitura arredo urbano, rivenditore arredo urbano"
ED_091,Produttori-Rivenditori,Rivendita materiale edile,Calcestruzzi,"calcestruzzi, calcestruzzo, cls, cemento, beton, calcestruzzo preconfezionato, vendita calcestruzzi, fornitura calcestruzzi, rivenditore calcestruzzi"
ED_092,Produttori-Rivenditori,Rivendita materiale edile,Dispositivi di prevenzione incendi,"dispositivi di prevenzione incendi, dispositivi, prevenzione, incendi, dispositivi prevenzione, prevenzione incendi, vvf, vigili del fuoco, scia antincendio, cpi, estintori, idranti, porte rei, segnaletica antincendio"
ED_093,Produttori-Rivenditori,Rivendita materiale edile,Elementi prefabbricati acciaio,"elementi prefabbricati acciaio, elementi, prefabbricati, acciaio, elementi prefabbricati, prefabbricati acciaio"
ED_094,Produttori-Rivenditori,Rivendita materiale edile,Elementi Prefabbricati in Cemento Armato,"elementi prefabbricati in cemento armato, elementi, prefabbricati, cemento, armato, elementi prefabbricati, prefabbricati cemento, cemento armato"
ED_095,Produttori-Rivenditori,Rivendita materiale edile,Elementi Prefabbricati in Legno,"elementi prefabbricati in legno, elementi, prefabbricati, legno, elementi prefabbricati, prefabbricati legno"
ED_096,Produttori-Rivenditori,Rivendita materiale edile,Ferramenta,"ferramenta, viteria, bulloneria, serrature, utensileria, vendita ferramenta, fornitura ferramenta, rivenditore ferramenta"
ED_097,Produttori-Rivenditori,Rivendita materiale edile,Grondaie e pluviali,"grondaie e pluviali, grondaie, pluviali, grondaie pluviali, lattoneria, canali di gronda, scossaline"
ED_098,Produttori-Rivenditori,Rivendita materiale edile,Laterizi-Tegole-Mattoni-Tavelle-ecc..,"laterizi-tegole-mattoni-tavelle-ecc.., laterizi tegole mattoni tavelle ecc.., laterizi, tegole, mattoni, tavelle, ecc, laterizi tegole, tegole mattoni, mattoni tavelle, tavelle ecc, coppi, forati, vendita laterizi-tegole-mattoni-tavelle-ecc.., fornitura laterizi-tegole-mattoni-tavelle-ecc.., rivenditore laterizi-tegole-mattoni-tavelle-ecc.."
ED_099,Produttori-Rivenditori,Rivendita materiale edile,Manufatti in Cemento,"manufatti in cemento, manufatti, cemento, manufatti cemento"
ED_100,Produttori-Rivenditori,Rivendita materiale edile,Marmi Pietre e Mosaici,"marmi pietre e mosaici, marmi, pietre, mosaici, marmi pietre, pietre mosaici"
ED_101,Produttori-Rivenditori,Rivendita materiale edile,Materiale Edile,"materiale edile, edile, vendita materiale edile, fornitura materiale edile, rivenditore materiale edile, forniture edile, componenti edile, ricambi edile"
ED_102,Produttori-Rivenditori,Rivendita materiale edile,Materiali per la bioedilizia,"materiali per la bioedilizia, materiali, bioedilizia, materiali bioedilizia, contenzioso edilizio, abuso edilizio, appalto, vizi e difetti, materiali naturali, sughero, fibra di legno, calce naturale, canapa"
ED_103,Produttori-Rivenditori,Rivendita materiale edile,Prefabbricati modulari,"prefabbricati modulari, prefabbricati, modulari, vendita prefabbricati modulari, fornitura prefabbricati modulari, rivenditore prefabbricati modulari"
ED_104,Produttori-Rivenditori,Rivendita materiale edile,"Sabbia, ghiaia e pietrisco","sabbia, ghiaia e pietrisco, sabbia  ghiaia e pietrisco, sabbia, ghiaia, pietrisco, sabbia ghiaia, ghiaia pietrisco, inerti, aggregati"
ED_105,Produttori-Rivenditori,Rivenditori attrezzatura e macchine edili,Ascensori e apparecchi elevatori,"ascensori e apparecchi elevatori, ascensori, apparecchi, elevatori, ascensori apparecchi, apparecchi elevatori, ascensore, montascale, piattaforma elevatrice, elevatore"
ED_106,Produttori-Rivenditori,Rivenditori attrezzatura e macchine edili,Attrezzatura edile,"attrezzatura edile, attrezzatura, edile, vendita attrezzatura edile, fornitura attrezzatura edile, rivenditore attrezzatura edile"
ED_107,Produttori-Rivenditori,Rivenditori attrezzatura e macchine edili,Autocarri,"autocarri, polizza car, constructor all risks, assicurazione car, car cantiere, vendita autocarri, fornitura autocarri, rivenditore autocarri"
ED_108,Produttori-Rivenditori,Rivenditori attrezzatura e macchine edili,Autogru,"autogru, vendita autogru, fornitura autogru, rivenditore autogru"
ED_109,Produttori-Rivenditori,Rivenditori attrezzatura e macchine edili,Carrelli elevatori,"carrelli elevatori, carrelli, elevatori, polizza car, constructor all risks, assicurazione car, car cantiere, ascensore, montascale, piattaforma elevatrice, elevatore, vendita carrelli elevatori, fornitura carrelli elevatori, rivenditore carrelli elevatori"
ED_110,Produttori-Rivenditori,Rivenditori attrezzatura e macchine edili,Macchine movimento terra,"macchine movimento terra, macchine, movimento, terra, macchine movimento, movimento terra, scavi, sbancamento, miniescavatore, spianamento terreno"
ED_111,Produttori-Rivenditori,Rivenditori attrezzatura e macchine edili,Piattaforme aeree,"piattaforme aeree, piattaforme, aeree, vendita piattaforme aeree, fornitura piattaforme aeree, rivenditore piattaforme aeree"
ED_112,Produttori-Rivenditori,Rivenditori attrezzatura e macchine edili,Sollevatori telescopici,"sollevatori telescopici, sollevatori, telescopici, vendita sollevatori telescopici, fornitura sollevatori telescopici, rivenditore sollevatori telescopici"
ED_113,Produttori-Rivenditori,Rivenditori attrezzatura e macchine edili,Vendita macchine e attrezzatura usata,"vendita macchine e attrezzatura usata, macchine, attrezzatura, usata, macchine attrezzatura, attrezzatura usata, macchine e attrezzatura usata, fornitura macchine e attrezzatura usata, showroom macchine e attrezzatura usata"
ED_114,Produttori-Rivenditori,Rivenditori materiale elettrico,Allarmi e sistemi antintrusione,"allarmi e sistemi antintrusione, allarmi, sistemi, antintrusione, allarmi sistemi, sistemi antintrusione, antifurto, allarme, sensori, centralina allarme, sirena, videosorveglianza, telecamere"
ED_115,Produttori-Rivenditori,Rivenditori materiale elettrico,Materiale elettrico,"materiale elettrico, elettrico, vendita materiale elettrico, fornitura materiale elettrico, rivenditore materiale elettrico, forniture elettrico, componenti elettrico, ricambi elettrico"
ED_116,Produttori-Rivenditori,Rivenditori materiale elettrico,Pannelli fotovoltaici,"pannelli fotovoltaici, pannelli, fotovoltaici, fotovoltaico, impianto fotovoltaico, inverter fotovoltaico, batterie accumulo, impianto fv, vendita pannelli fotovoltaici, fornitura pannelli fotovoltaici, rivenditore pannelli fotovoltaici"
ED_117,Produttori-Rivenditori,Rivenditori termoidraulica,Caldaie,"caldaie, vendita caldaie, fornitura caldaie, rivenditore caldaie"
ED_118,Produttori-Rivenditori,Rivenditori termoidraulica,Impianti di condizionamento,"impianti di condizionamento, condizionamento, condizionatore, climatizzatore, split, inverter, installazione climatizzatore, manutenzione condizionatore, ricarica gas"
ED_119,Produttori-Rivenditori,Rivenditori termoidraulica,Materiale idraulico,"materiale idraulico, idraulico, vendita materiale idraulico, fornitura materiale idraulico, rivenditore materiale idraulico, forniture idraulico, componenti idraulico, ricambi idraulico"
ED_120,Produttori-Rivenditori,Rivenditori termoidraulica,Materiale termoidraulico e condizionamento,"materiale termoidraulico e condizionamento, termoidraulico, condizionamento, termoidraulico condizionamento, condizionatore, climatizzatore, split, inverter, installazione climatizzatore, manutenzione condizionatore, ricarica gas, impianto termoidraulico, termoidraulica, impianto riscaldamento, radiatori, termosifoni, forniture termoidraulico e condizionamento, componenti termoidraulico e condizionamento, ricambi termoidraulico e condizionamento"
ED_121,Produttori-Rivenditori,Vendita arredamento,Arredo bagno,"arredo bagno, arredo, bagno, vendita arredo bagno, fornitura arredo bagno, rivenditore arredo bagno"
ED_122,Produttori-Rivenditori,Vendita arredamento,Arredo casa,"arredo casa, arredo, casa, vendita arredo casa, fornitura arredo casa, rivenditore arredo casa"
ED_123,Produttori-Rivenditori,Vendita arredamento,Arredo cucina,"arredo cucina, arredo, cucina, vendita arredo cucina, fornitura arredo cucina, rivenditore arredo cucina"
ED_124,Produttori-Rivenditori,Vendita arredamento,Arredo ufficio,"arredo ufficio, arredo, ufficio, vendita arredo ufficio, fornitura arredo ufficio, rivenditore arredo ufficio"
ED_125,Produttori-Rivenditori,Vendita arredamento,Illuminotecnica,"illuminotecnica, progettazione illuminotecnica, studio illuminotecnico, calcolo illuminotecnico, lux, dialux, vendita illuminotecnica, fornitura illuminotecnica, rivenditore illuminotecnica"
ED_126,Produttori-Rivenditori,Vendita arredamento,Tende da sole,"tende da sole, tende, sole, tende sole"
ED_127,Produttori-Rivenditori,Vendita arredamento,Tende e Veneziane,"tende e veneziane, tende, veneziane, tende veneziane"
ED_128,Produttori-Rivenditori,Vendita arredamento,Vendita Elettrodomestici,"vendita elettrodomestici, elettrodomestici, fornitura elettrodomestici, showroom elettrodomestici"
ED_129,Produttori-Rivenditori,Vetrerie,Prodotti di vetro per isolamento termico,"prodotti di vetro per isolamento termico, prodotti, vetro, isolamento, termico, prodotti vetro, vetro isolamento, isolamento termico, coibentazione, pannelli isolanti, lana di roccia, cappotto termico"
ED_130,Produttori-Rivenditori,Vetrerie,Sabbiatura vetro,"sabbiatura vetro, sabbiatura, vetro, pallinatura, sverniciatura"
ED_131,Produttori-Rivenditori,Vetrerie,Satinatura di vetri e specchi,"satinatura di vetri e specchi, satinatura, vetri, specchi, satinatura vetri, vetri specchi"
ED_132,Produttori-Rivenditori,Vetrerie,Scale in vetro per interni,"scale in vetro per interni, scale, vetro, interni, scale vetro, vetro interni"
ED_133,Produttori-Rivenditori,Vetrerie,Vendita vetro,"vendita vetro, vetro, fornitura vetro, showroom vetro"
ED_134,Produttori-Rivenditori,Vetrerie,Vetri antirumore,"vetri antirumore, vetri, antirumore, vendita vetri antirumore, fornitura vetri antirumore, rivenditore vetri antirumore"
ED_001,Professionisti,Agenzie finanziarie e assicurative,Polizze assicurative per cantieri,"polizze assicurative per cantieri, polizze, assicurative, cantieri, polizze assicurative, assicurative cantieri, polizza, assicurazione, assicurazione cantiere, polizza cantiere, rc cantiere, polizza decennale postuma"
ED_002,Professionisti,Agenzie finanziarie e assicurative,Polizze auto aziendali,"polizze auto aziendali, polizze, auto, aziendali, polizze auto, auto aziendali, polizza, assicurazione, polizza auto aziendale, flotta aziendale, assicurazione flotte, rc auto aziendale"
ED_003,Professionisti,Agenzie finanziarie e assicurative,Polizze CAR (Constructor All Risks),"polizze car, polizze, car, polizza, assicurazione, polizza car, constructor all risks, assicurazione car, car cantiere"
ED_004,Professionisti,Amministratori di condominio,Amministrazione e gestione condomini,"amministrazione e gestione condomini, amministrazione, gestione, condomini, amministrazione gestione, gestione condomini, condominio, amministratore di condominio, gestione condominiale, assemblea condominiale, riparto spese, contabilità condominiale"
ED_005,Professionisti,Amministratori di condominio,Consulenze condominiali,"consulenze condominiali, consulenze, condominiali, condominio, amministratore di condominio, consulenza condominiale, regolamento condominiale, tabelle millesimali, contenzioso condominiale"
ED_006,Professionisti,Architetti,Architetti architettura di interni,"architetti architettura di interni, architetti, architettura, interni, architetti architettura, architettura interni"
ED_007,Professionisti,Architetti,Architetti calcoli strutturali,"architetti calcoli strutturali, architetti, calcoli, strutturali, architetti calcoli, calcoli strutturali, progetto strutturale, relazione di calcolo, cemento armato, strutture acciaio, strutture legno, calcolo sismico"
ED_008,Professionisti,Architetti,Architetti certificazione energetiche,"architetti certificazione energetiche, architetti, certificazione, energetiche, architetti certificazione, certificazione energetiche, certificazione energetica, ape, attestato di prestazione energetica, classe energetica, diagnosi energetica"
ED_009,Professionisti,Architetti,Architetti pratiche comunali,"architetti pratiche comunali, architetti, pratiche, comunali, architetti pratiche, pratiche comunali, pratiche edilizie, cila, scia, permesso di costruire, sanatoria, agibilità, sue, sportello unico edilizia"
ED_010,Professionisti,Architetti,Architetti progettazione,"architetti progettazione, architetti"
ED_011,Professionisti,Arredatori,Progettazione arredamento,"progettazione arredamento, arredamento, progettazione arredo, progetto arredamento, layout, rendering, moodboard"
ED_012,Professionisti,Arredatori,Progettazione mobili su misura,"progettazione mobili su misura, mobili, misura, mobili misura, mobili su misura, arredi su misura, falegnameria su misura, progetto mobili su misura"
ED_013,Professionisti,Avvocati,Consulenze legali edilizia,"consulenze legali edilizia, consulenze, legali, edilizia, consulenze legali, legali edilizia, avvocato, consulenza legale, assistenza legale, contenzioso edilizio, abuso edilizio, appalto, vizi e difetti"
ED_014,Professionisti,Avvocati,Consulenze legali immobiliare,"consulenze legali immobiliare, consulenze, legali, immobiliare, consulenze legali, legali immobiliare, avvocato, consulenza legale, assistenza legale, diritto immobiliare, compravendita, locazione, contratto di affitto"
ED_015,Professionisti,Avvocati,Consulenze legali urbanistica,"consulenze legali urbanistica, consulenze, legali, urbanistica, consulenze legali, legali urbanistica, avvocato, consulenza legale, assistenza legale, diritto urbanistico, piano regolatore, vincoli urbanistici"
ED_016,Professionisti,Avvocati,Esecuzioni immobiliari,"esecuzioni immobiliari, esecuzioni, immobiliari, avvocato, consulenza legale, assistenza legale, esecuzione immobiliare, asta giudiziaria, pignoramento"
ED_017,Professionisti,Avvocati,Gestione contenziosi edilizia e immobiliare,"gestione contenziosi edilizia e immobiliare, gestione, contenziosi, edilizia, immobiliare, gestione contenziosi, contenziosi edilizia, edilizia immobiliare, avvocato, consulenza legale, assistenza legale, contenzioso edilizio, abuso edilizio, appalto, vizi e difetti, diritto immobiliare, compravendita, locazione, contratto di affitto, gestione contenzioso"
ED_018,Professionisti,Avvocati,Pratiche per sfratto,"pratiche per sfratto, pratiche, sfratto, pratiche sfratto, avvocato, consulenza legale, assistenza legale, morosità, intimazione di sfratto"
ED_019,Professionisti,Avvocati,Recupero crediti,"recupero crediti, recupero, crediti, avvocato, consulenza legale, assistenza legale, ingiunzione di pagamento, decreto ingiuntivo"
ED_020,Professionisti,Commercialisti,Consulenze societarie edilizia,"consulenze societarie edilizia, consulenze, societarie, edilizia, consulenze societarie, societarie edilizia, contenzioso edilizio, abuso edilizio, appalto, vizi e difetti, commercialista, consulenza fiscale, consulenza societaria"
ED_021,Professionisti,Commercialisti,Consulenze societarie immobiliari,"consulenze societarie immobiliari, consulenze, societarie, immobiliari, consulenze societarie, societarie immobiliari, commercialista, consulenza fiscale, consulenza societaria"
ED_022,Professionisti,Commercialisti,Ottimizzazione fiscale immobiliare,"ottimizzazione fiscale immobiliare, ottimizzazione, fiscale, immobiliare, ottimizzazione fiscale, fiscale immobiliare, diritto immobiliare, compravendita, locazione, contratto di affitto, commercialista, consulenza fiscale, consulenza societaria, pianificazione fiscale, tassazione immobili, imu, cedolare secca"
ED_023,Professionisti,Geologi,Geologia ambientale,"geologia ambientale, geologia, ambientale, relazione ambientale, analisi suolo, contaminazione suolo"
ED_024,Professionisti,Geologi,Indagini geognostiche,"indagini geognostiche, indagini, geognostiche, geognostica, prove penetrometriche, spt, carotaggi"
ED_025,Professionisti,Geologi,Progettazione pozzi,"progettazione pozzi, pozzi, pozzi acqua, pozzo artesiano, perforazione pozzi, progetto pozzi"
ED_026,Professionisti,Geologi,Relazioni ambientali,"relazioni ambientali, relazioni, ambientali, geologia ambientale, relazione ambientale, analisi suolo, contaminazione suolo"
ED_027,Professionisti,Geologi,Relazioni geotermiche,"relazioni geotermiche, relazioni, geotermiche, relazione geotermica, geotermia, sonde geotermiche, pompa di calore geotermica, impianto geotermico, sonda geotermica"
ED_028,Professionisti,Geologi,Sondaggi geologici,"sondaggi geologici, sondaggi, geologici, sondaggio terreno, carotaggi, prove in sito, trivellazioni, perforazioni, indagini geotecniche"
ED_029,Professionisti,Geometri,Geometri certificazione energetiche,"geometri certificazione energetiche, geometri, certificazione, energetiche, geometri certificazione, certificazione energetiche, certificazione energetica, ape, attestato di prestazione energetica, classe energetica, diagnosi energetica"
ED_030,Professionisti,Geometri,Geometri direzione lavori,"geometri direzione lavori, geometri, direzione, geometri direzione, direzione lavori, dl, direttore lavori, contabilità lavori, coordinamento cantiere"
ED_031,Professionisti,Geometri,Geometri perizie di stima,"geometri perizie di stima, geometri, perizie, stima, geometri perizie, perizie stima, perizia, perizia giurata, valutazione, perito, perizia di stima, stima valore, valutazione valore"
ED_032,Professionisti,Geometri,Geometri perizie immobiliari,"geometri perizie immobiliari, geometri, perizie, immobiliari, geometri perizie, perizie immobiliari, perizia, stima, perizia giurata, valutazione, perito, perizia immobiliare, valutazione immobile, stima immobile, perizia casa"
ED_033,Professionisti,Geometri,Geometri piani di sicurezza,"geometri piani di sicurezza, geometri, piani, sicurezza, geometri piani, piani sicurezza, piano di sicurezza, psc, pos, csp, cse, coordinatore sicurezza, sicurezza cantieri"
ED_034,Professionisti,Geometri,Geometri pratiche comunali,"geometri pratiche comunali, geometri, pratiche, comunali, geometri pratiche, pratiche comunali, pratiche edilizie, cila, scia, permesso di costruire, sanatoria, agibilità, sue, sportello unico edilizia"
ED_035,Professionisti,Geometri,Geometri progettazione,"geometri progettazione, geometri"
ED_036,Professionisti,Illuminotecnici,Consulenza in illuminotecnica,"consulenza in illuminotecnica, illuminotecnica, progettazione illuminotecnica, studio illuminotecnico, calcolo illuminotecnico, lux, dialux, consulenza illuminotecnica, audit illuminazione, relamping, consulente in illuminotecnica"
ED_037,Professionisti,Illuminotecnici,Illuminazione architetturale,"illuminazione architetturale, illuminazione, architetturale, progettazione illuminotecnica, studio illuminotecnico, calcolo illuminotecnico, lux, dialux, lighting design, facciate illuminate, illuminazione scenografica"
ED_038,Professionisti,Illuminotecnici,Progettazione illuminotecnica,"progettazione illuminotecnica, illuminotecnica, studio illuminotecnico, calcolo illuminotecnico, lux, dialux, progetto illuminotecnica"
ED_039,Professionisti,Ingegneri,Ingegneri calcoli strutturali,"ingegneri calcoli strutturali, ingegneri, calcoli, strutturali, ingegneri calcoli, calcoli strutturali, progetto strutturale, relazione di calcolo, cemento armato, strutture acciaio, strutture legno, calcolo sismico"
ED_040,Professionisti,Ingegneri,Ingegneri certificazione energetiche,"ingegneri certificazione energetiche, ingegneri, certificazione, energetiche, ingegneri certificazione, certificazione energetiche, certificazione energetica, ape, attestato di prestazione energetica, classe energetica, diagnosi energetica"
ED_041,Professionisti,Ingegneri,Ingegneri certificazioni energetiche,"ingegneri certificazioni energetiche, ingegneri, certificazioni, energetiche, ingegneri certificazioni, certificazioni energetiche, certificazione energetica, ape, attestato di prestazione energetica, classe energetica, diagnosi energetica"
ED_042,Professionisti,Ingegneri,Ingegneri direzione lavori,"ingegneri direzione lavori, ingegneri, direzione, ingegneri direzione, direzione lavori, dl, direttore lavori, contabilità lavori, coordinamento cantiere"
ED_043,Professionisti,Ingegneri,Ingegneri perizie di stima,"ingegneri perizie di stima, ingegneri, perizie, stima, ingegneri perizie, perizie stima, perizia, perizia giurata, valutazione, perito, perizia di stima, stima valore, valutazione valore"
ED_044,Professionisti,Ingegneri,Ingegneri perizie immobiliari,"ingegneri perizie immobiliari, ingegneri, perizie, immobiliari, ingegneri perizie, perizie immobiliari, perizia, stima, perizia giurata, valutazione, perito, perizia immobiliare, valutazione immobile, stima immobile, perizia casa"
ED_045,Professionisti,Ingegneri,Ingegneri piani di sicurezza,"ingegneri piani di sicurezza, ingegneri, piani, sicurezza, ingegneri piani, piani sicurezza, piano di sicurezza, psc, pos, csp, cse, coordinatore sicurezza, sicurezza cantieri"
ED_046,Professionisti,Ingegneri,Ingegneri pratiche catastali,"ingegneri pratiche catastali, ingegneri, pratiche, catastali, ingegneri pratiche, pratiche catastali, catasto, visura catastale, accatastamento, docfa, voltura catastale, planimetria catastale"
ED_047,Professionisti,Ingegneri,Ingegneri pratiche comunali,"ingegneri pratiche comunali, ingegneri, pratiche, comunali, ingegneri pratiche, pratiche comunali, pratiche edilizie, cila, scia, permesso di costruire, sanatoria, agibilità, sue, sportello unico edilizia"
ED_048,Professionisti,Ingegneri,Ingegneri progettazione,"ingegneri progettazione, ingegneri"
ED_049,Professionisti,Interior designer,Progettazione arredo abitazioni,"progettazione arredo abitazioni, arredo, abitazioni, arredo abitazioni, progettazione arredo, progetto arredamento, layout, rendering, moodboard, arredo casa, arredo abitazione, interior design casa, progetto arredo abitazioni"
ED_050,Professionisti,Interior designer,Progettazione arredo commerciale,"progettazione arredo commerciale, arredo, commerciale, arredo commerciale, progettazione arredo, progetto arredamento, layout, rendering, moodboard, arredo negozio, arredo ufficio, allestimenti, progetto arredo commerciale"
ED_051,Professionisti,Interior designer,Progettazione arredo imbarcazioni,"progettazione arredo imbarcazioni, arredo, imbarcazioni, arredo imbarcazioni, progettazione arredo, progetto arredamento, layout, rendering, moodboard, arredo nautico, interior yacht, progetto arredo imbarcazioni"
ED_052,Professionisti,Mediatori creditizi,Cessione di crediti,"cessione di crediti, cessione, crediti, cessione crediti, cessione del credito, crediti fiscali, bonus edilizi, superbonus, sconto in fattura"
ED_053,Professionisti,Mediatori creditizi,Mutui per imprese,"mutui per imprese, mutui, imprese, mutui imprese, mutuo, mutuo impresa, mutuo aziendale, finanziamento impresa"
ED_054,Professionisti,Mediatori creditizi,Prestiti per imprese,"prestiti per imprese, prestiti, imprese, prestiti imprese, prestito, finanziamento, credito aziendale"
ED_055,Professionisti,Notai,Costituzione società,"costituzione società, costituzione, società, atto costitutivo, statuto, srl, spa"
ED_056,Professionisti,Notai,Passaggi di proprietà,"passaggi di proprietà, passaggi, proprietà, passaggi proprietà, passaggio di proprietà, rogito, atto di compravendita, compravendita immobiliare"
ED_057,Professionisti,Notai,Pratiche notarili,"pratiche notarili, pratiche, notarili, atto notarile, stipula, visure"
ED_058,Professionisti,Periti,Periti agrari,"periti agrari, periti, agrari, perizia, perizie, stima, perizia giurata, valutazione, perito"
ED_059,Professionisti,Periti,Periti assicurativi,"periti assicurativi, periti, assicurativi, perizia, perizie, stima, perizia giurata, valutazione, perito"
ED_060,Professionisti,Periti,Periti Edili,"periti edili, periti, edili, perizia, perizie, stima, perizia giurata, valutazione, perito"
ED_061,Professionisti,Periti,Periti industriali,"periti industriali, periti, industriali, perizia, perizie, stima, perizia giurata, valutazione, perito"
ED_062,Professionisti,Periti,Periti termotecnici,"periti termotecnici, periti, termotecnici, perizia, perizie, stima, perizia giurata, valutazione, perito"
ED_063,Professionisti,Rappresentanti,Rappresentanti materiali edili,"rappresentanti materiali edili, rappresentanti, materiali, edili, rappresentanti materiali, materiali edili"
ED_064,Professionisti,Rappresentanti,Rappresentanti servizi edili,"rappresentanti servizi edili, rappresentanti, edili, rappresentanti edili"
ED_065,Professionisti,Tecnici antincendio,Certificato di prevenzione incendi,"certificato di prevenzione incendi, certificato, prevenzione, incendi, certificato prevenzione, prevenzione incendi, vvf, vigili del fuoco, scia antincendio, cpi, certificato prevenzione incendi, pratica vvf"
ED_066,Professionisti,Tecnici antincendio,Consulenza impianti antincendio,"consulenza impianti antincendio, antincendio, prevenzione incendi, vvf, vigili del fuoco, scia antincendio, cpi, consulenza antincendio, audit antincendio, adeguamento antincendio, consulente impianti antincendio"
ED_067,Professionisti,Tecnici antincendio,Progettazione impianti antincendio,"progettazione impianti antincendio, antincendio, prevenzione incendi, vvf, vigili del fuoco, scia antincendio, cpi, progettazione antincendio, progetto antincendio, sprinkler, idranti, evacuazione fumi, progetto impianti antincendio"
